filename,title,description,tags,publish_date,publish_time,privacy_status
8_Ball_Pool_short.mp4,Play 8 Ball Pool Online Free! 🎱 #Shorts,"🎱 Play 8 Ball Pool FREE in your browser — no downloads needed!

🎮 Instant play on mobile & PC:
👉 https://playmixgames.in

✅ 80+ free mini games available — puzzle, sports, arcade, board & more!

#8BallPool #gaming #freegames #mobilegames #playmixgames #onlinegames","Shorts,YouTubeShorts,gaming,free games,PlayMix Games,playmixgames,8 ball pool,billiards,pool game,8 Ball Pool",2026-07-08,07:00,private
ABC_Tracing_short.mp4,Play ABC Tracing Online Free! ✍️ #Shorts,"✍️ Play ABC Tracing FREE in your browser — no downloads needed!

🎮 Instant play on mobile & PC:
👉 https://playmixgames.in

✅ 80+ free mini games available — puzzle, sports, arcade, board & more!

#ABCTracing #gaming #freegames #mobilegames #playmixgames #onlinegames","Shorts,YouTubeShorts,gaming,free games,PlayMix Games,playmixgames,abc tracing,kids learning,alphabet,ABC Tracing",2026-07-08,21:00,private
AI_Readiness_short.mp4,Play AI Readiness Online Free! 🤖 #Shorts,"🤖 Play AI Readiness FREE in your browser — no downloads needed!

🎮 Instant play on mobile & PC:
👉 https://playmixgames.in

✅ 80+ free mini games available — puzzle, sports, arcade, board & more!

#AIReadiness #gaming #freegames #mobilegames #playmixgames #onlinegames","Shorts,YouTubeShorts,gaming,free games,PlayMix Games,playmixgames,AI quiz,artificial intelligence,tech quiz,AI Readiness",2026-07-09,07:00,private
Air_Hockey_3D_short.mp4,Play Air Hockey 3D Online Free! 🏑 #Shorts,"🏑 Play Air Hockey 3D FREE in your browser — no downloads needed!

🎮 Instant play on mobile & PC:
👉 https://playmixgames.in

✅ 80+ free mini games available — puzzle, sports, arcade, board & more!

#AirHockey3D #gaming #freegames #mobilegames #playmixgames #onlinegames","Shorts,YouTubeShorts,gaming,free games,PlayMix Games,playmixgames,air hockey,3D game,sports,Air Hockey 3D",2026-07-09,21:00,private
All_in_Hole_short.mp4,Play All in Hole Online Free! 🕳️ #Shorts,"🕳️ Play All in Hole FREE in your browser — no downloads needed!

🎮 Instant play on mobile & PC:
👉 https://playmixgames.in

✅ 80+ free mini games available — puzzle, sports, arcade, board & more!

#AllinHole #gaming #freegames #mobilegames #playmixgames #onlinegames","Shorts,YouTubeShorts,gaming,free games,PlayMix Games,playmixgames,all in hole,hole game,puzzle,All in Hole",2026-07-10,07:00,private
Anime_Archetype_short.mp4,Play Anime Archetype Online Free! 🗡️ #Shorts,"🗡️ Play Anime Archetype FREE in your browser — no downloads needed!

🎮 Instant play on mobile & PC:
👉 https://playmixgames.in

✅ 80+ free mini games available — puzzle, sports, arcade, board & more!

#AnimeArchetype #gaming #freegames #mobilegames #playmixgames #onlinegames","Shorts,YouTubeShorts,gaming,free games,PlayMix Games,playmixgames,anime quiz,anime,personality,Anime Archetype",2026-07-10,21:00,private
Archery_Master_short.mp4,Play Archery Master Online Free! 🏹 #Shorts,"🏹 Play Archery Master FREE in your browser — no downloads needed!

🎮 Instant play on mobile & PC:
👉 https://playmixgames.in

✅ 80+ free mini games available — puzzle, sports, arcade, board & more!

#ArcheryMaster #gaming #freegames #mobilegames #playmixgames #onlinegames","Shorts,YouTubeShorts,gaming,free games,PlayMix Games,playmixgames,archery,bow and arrow,shooting,Archery Master",2026-07-11,07:00,private
Backgammon_Classic_short.mp4,Play Backgammon Classic Online Free! 🎲 #Shorts,"🎲 Play Backgammon Classic FREE in your browser — no downloads needed!

🎮 Instant play on mobile & PC:
👉 https://playmixgames.in

✅ 80+ free mini games available — puzzle, sports, arcade, board & more!

#BackgammonClassic #gaming #freegames #mobilegames #playmixgames #onlinegames","Shorts,YouTubeShorts,gaming,free games,PlayMix Games,playmixgames,backgammon,board game,classic,Backgammon Classic",2026-07-11,21:00,private
Balloon_Ninja_Slice_short.mp4,Play Balloon Ninja Slice Online Free! 🗡️ #Shorts,"🗡️ Play Balloon Ninja Slice FREE in your browser — no downloads needed!

🎮 Instant play on mobile & PC:
👉 https://playmixgames.in

✅ 80+ free mini games available — puzzle, sports, arcade, board & more!

#BalloonNinjaSlice #gaming #freegames #mobilegames #playmixgames #onlinegames","Shorts,YouTubeShorts,gaming,free games,PlayMix Games,playmixgames,balloon ninja,slice,ninja game,Balloon Ninja Slice",2026-07-12,07:00,private
Basketball_3D_short.mp4,Play Basketball 3D Online Free! 🏀 #Shorts,"🏀 Play Basketball 3D FREE in your browser — no downloads needed!

🎮 Instant play on mobile & PC:
👉 https://playmixgames.in

✅ 80+ free mini games available — puzzle, sports, arcade, board & more!

#Basketball3D #gaming #freegames #mobilegames #playmixgames #onlinegames","Shorts,YouTubeShorts,gaming,free games,PlayMix Games,playmixgames,basketball,3D sports,NBA,Basketball 3D",2026-07-12,21:00,private
Block_Puzzle_short.mp4,Play Block Puzzle Online Free! 🧩 #Shorts,"🧩 Play Block Puzzle FREE in your browser — no downloads needed!

🎮 Instant play on mobile & PC:
👉 https://playmixgames.in

✅ 80+ free mini games available — puzzle, sports, arcade, board & more!

#BlockPuzzle #gaming #freegames #mobilegames #playmixgames #onlinegames","Shorts,YouTubeShorts,gaming,free games,PlayMix Games,playmixgames,block puzzle,tetris,puzzle game,Block Puzzle",2026-07-13,07:00,private
Bottle_Shoot_short.mp4,Play Bottle Shoot Online Free! 🍾 #Shorts,"🍾 Play Bottle Shoot FREE in your browser — no downloads needed!

🎮 Instant play on mobile & PC:
👉 https://playmixgames.in

✅ 80+ free mini games available — puzzle, sports, arcade, board & more!

#BottleShoot #gaming #freegames #mobilegames #playmixgames #onlinegames","Shorts,YouTubeShorts,gaming,free games,PlayMix Games,playmixgames,bottle shoot,shooting game,aim,Bottle Shoot",2026-07-13,21:00,private
Bowling_Strike_short.mp4,Play Bowling Strike Online Free! 🎳 #Shorts,"🎳 Play Bowling Strike FREE in your browser — no downloads needed!

🎮 Instant play on mobile & PC:
👉 https://playmixgames.in

✅ 80+ free mini games available — puzzle, sports, arcade, board & more!

#BowlingStrike #gaming #freegames #mobilegames #playmixgames #onlinegames","Shorts,YouTubeShorts,gaming,free games,PlayMix Games,playmixgames,bowling,strike,sports game,Bowling Strike",2026-07-14,07:00,private
Brick_Breaker_short.mp4,Play Brick Breaker Online Free! 🧱 #Shorts,"🧱 Play Brick Breaker FREE in your browser — no downloads needed!

🎮 Instant play on mobile & PC:
👉 https://playmixgames.in

✅ 80+ free mini games available — puzzle, sports, arcade, board & more!

#BrickBreaker #gaming #freegames #mobilegames #playmixgames #onlinegames","Shorts,YouTubeShorts,gaming,free games,PlayMix Games,playmixgames,brick breaker,breakout,arcade,Brick Breaker",2026-07-14,21:00,private
Bubble_Shooter_short.mp4,Play Bubble Shooter Online Free! 🔵 #Shorts,"🔵 Play Bubble Shooter FREE in your browser — no downloads needed!

🎮 Instant play on mobile & PC:
👉 https://playmixgames.in

✅ 80+ free mini games available — puzzle, sports, arcade, board & more!

#BubbleShooter #gaming #freegames #mobilegames #playmixgames #onlinegames","Shorts,YouTubeShorts,gaming,free games,PlayMix Games,playmixgames,bubble shooter,bubble pop,arcade,Bubble Shooter",2026-07-15,07:00,private
Burger_Stack_short.mp4,Play Burger Stack Online Free! 🍔 #Shorts,"🍔 Play Burger Stack FREE in your browser — no downloads needed!

🎮 Instant play on mobile & PC:
👉 https://playmixgames.in

✅ 80+ free mini games available — puzzle, sports, arcade, board & more!

#BurgerStack #gaming #freegames #mobilegames #playmixgames #onlinegames","Shorts,YouTubeShorts,gaming,free games,PlayMix Games,playmixgames,burger stack,food game,stacking,Burger Stack",2026-07-15,21:00,private
Car_Racer_3D_short.mp4,Play Car Racer 3D Online Free! 🏎️ #Shorts,"🏎️ Play Car Racer 3D FREE in your browser — no downloads needed!

🎮 Instant play on mobile & PC:
👉 https://playmixgames.in

✅ 80+ free mini games available — puzzle, sports, arcade, board & more!

#CarRacer3D #gaming #freegames #mobilegames #playmixgames #onlinegames","Shorts,YouTubeShorts,gaming,free games,PlayMix Games,playmixgames,car racing,3D racer,highway,Car Racer 3D",2026-07-16,07:00,private
Chess_Master_short.mp4,Play Chess Master Online Free! ♟️ #Shorts,"♟️ Play Chess Master FREE in your browser — no downloads needed!

🎮 Instant play on mobile & PC:
👉 https://playmixgames.in

✅ 80+ free mini games available — puzzle, sports, arcade, board & more!

#ChessMaster #gaming #freegames #mobilegames #playmixgames #onlinegames","Shorts,YouTubeShorts,gaming,free games,PlayMix Games,playmixgames,chess,board game,strategy,Chess Master",2026-07-16,21:00,private
Color_Match_short.mp4,Play Color Match Online Free! 🎨 #Shorts,"🎨 Play Color Match FREE in your browser — no downloads needed!

🎮 Instant play on mobile & PC:
👉 https://playmixgames.in

✅ 80+ free mini games available — puzzle, sports, arcade, board & more!

#ColorMatch #gaming #freegames #mobilegames #playmixgames #onlinegames","Shorts,YouTubeShorts,gaming,free games,PlayMix Games,playmixgames,color match,reaction game,fast,Color Match",2026-07-17,07:00,private
Coloring_for_Kids_short.mp4,Play Coloring for Kids Online Free! 🖍️ #Shorts,"🖍️ Play Coloring for Kids FREE in your browser — no downloads needed!

🎮 Instant play on mobile & PC:
👉 https://playmixgames.in

✅ 80+ free mini games available — puzzle, sports, arcade, board & more!

#ColoringforKids #gaming #freegames #mobilegames #playmixgames #onlinegames","Shorts,YouTubeShorts,gaming,free games,PlayMix Games,playmixgames,coloring,kids game,drawing,Coloring for Kids",2026-07-17,21:00,private
Cricket_Master_short.mp4,Play Cricket Master Online Free! 🏏 #Shorts,"🏏 Play Cricket Master FREE in your browser — no downloads needed!

🎮 Instant play on mobile & PC:
👉 https://playmixgames.in

✅ 80+ free mini games available — puzzle, sports, arcade, board & more!

#CricketMaster #gaming #freegames #mobilegames #playmixgames #onlinegames","Shorts,YouTubeShorts,gaming,free games,PlayMix Games,playmixgames,cricket,sports,batting,Cricket Master",2026-07-18,07:00,private
Crossmath_short.mp4,Play Crossmath Online Free! ➕ #Shorts,"➕ Play Crossmath FREE in your browser — no downloads needed!

🎮 Instant play on mobile & PC:
👉 https://playmixgames.in

✅ 80+ free mini games available — puzzle, sports, arcade, board & more!

#Crossmath #gaming #freegames #mobilegames #playmixgames #onlinegames","Shorts,YouTubeShorts,gaming,free games,PlayMix Games,playmixgames,crossmath,math game,brain,Crossmath",2026-07-18,21:00,private
Crossy_Road_short.mp4,Play Crossy Road Online Free! 🐔 #Shorts,"🐔 Play Crossy Road FREE in your browser — no downloads needed!

🎮 Instant play on mobile & PC:
👉 https://playmixgames.in

✅ 80+ free mini games available — puzzle, sports, arcade, board & more!

#CrossyRoad #gaming #freegames #mobilegames #playmixgames #onlinegames","Shorts,YouTubeShorts,gaming,free games,PlayMix Games,playmixgames,crossy road,hop,avoid,Crossy Road",2026-07-19,07:00,private
Dancing_Line_short.mp4,Play Dancing Line Online Free! 🎵 #Shorts,"🎵 Play Dancing Line FREE in your browser — no downloads needed!

🎮 Instant play on mobile & PC:
👉 https://playmixgames.in

✅ 80+ free mini games available — puzzle, sports, arcade, board & more!

#DancingLine #gaming #freegames #mobilegames #playmixgames #onlinegames","Shorts,YouTubeShorts,gaming,free games,PlayMix Games,playmixgames,dancing line,rhythm,music game,Dancing Line",2026-07-19,21:00,private
Doodle_Jump_short.mp4,Play Doodle Jump Online Free! 😊 #Shorts,"😊 Play Doodle Jump FREE in your browser — no downloads needed!

🎮 Instant play on mobile & PC:
👉 https://playmixgames.in

✅ 80+ free mini games available — puzzle, sports, arcade, board & more!

#DoodleJump #gaming #freegames #mobilegames #playmixgames #onlinegames","Shorts,YouTubeShorts,gaming,free games,PlayMix Games,playmixgames,doodle jump,platform,jump game,Doodle Jump",2026-07-20,07:00,private
Dot_Connect_short.mp4,Play Dot Connect Online Free! 🔴 #Shorts,"🔴 Play Dot Connect FREE in your browser — no downloads needed!

🎮 Instant play on mobile & PC:
👉 https://playmixgames.in

✅ 80+ free mini games available — puzzle, sports, arcade, board & more!

#DotConnect #gaming #freegames #mobilegames #playmixgames #onlinegames","Shorts,YouTubeShorts,gaming,free games,PlayMix Games,playmixgames,dot connect,puzzle,brain game,Dot Connect",2026-07-20,21:00,private
English_Grammar_short.mp4,Play English Grammar Online Free! 📚 #Shorts,"📚 Play English Grammar FREE in your browser — no downloads needed!

🎮 Instant play on mobile & PC:
👉 https://playmixgames.in

✅ 80+ free mini games available — puzzle, sports, arcade, board & more!

#EnglishGrammar #gaming #freegames #mobilegames #playmixgames #onlinegames","Shorts,YouTubeShorts,gaming,free games,PlayMix Games,playmixgames,english grammar,learning,quiz,English Grammar",2026-07-21,07:00,private
Family_Tree_short.mp4,Play Family Tree Online Free! 🌳 #Shorts,"🌳 Play Family Tree FREE in your browser — no downloads needed!

🎮 Instant play on mobile & PC:
👉 https://playmixgames.in

✅ 80+ free mini games available — puzzle, sports, arcade, board & more!

#FamilyTree #gaming #freegames #mobilegames #playmixgames #onlinegames","Shorts,YouTubeShorts,gaming,free games,PlayMix Games,playmixgames,family tree,logic,puzzle,Family Tree",2026-07-21,21:00,private
Fitness_Reels_short.mp4,Play Fitness Reels Online Free! 💪 #Shorts,"💪 Play Fitness Reels FREE in your browser — no downloads needed!

🎮 Instant play on mobile & PC:
👉 https://playmixgames.in

✅ 80+ free mini games available — puzzle, sports, arcade, board & more!

#FitnessReels #gaming #freegames #mobilegames #playmixgames #onlinegames","Shorts,YouTubeShorts,gaming,free games,PlayMix Games,playmixgames,fitness,workout,health reels,Fitness Reels",2026-07-22,07:00,private
Flappy_Rise_Bird_short.mp4,Play Flappy Rise Bird Online Free! 🐦 #Shorts,"🐦 Play Flappy Rise Bird FREE in your browser — no downloads needed!

🎮 Instant play on mobile & PC:
👉 https://playmixgames.in

✅ 80+ free mini games available — puzzle, sports, arcade, board & more!

#FlappyRiseBird #gaming #freegames #mobilegames #playmixgames #onlinegames","Shorts,YouTubeShorts,gaming,free games,PlayMix Games,playmixgames,flappy bird,rise,arcade,Flappy Rise Bird",2026-07-22,21:00,private
Football_3D_short.mp4,Play Football 3D Online Free! ⚽ #Shorts,"⚽ Play Football 3D FREE in your browser — no downloads needed!

🎮 Instant play on mobile & PC:
👉 https://playmixgames.in

✅ 80+ free mini games available — puzzle, sports, arcade, board & more!

#Football3D #gaming #freegames #mobilegames #playmixgames #onlinegames","Shorts,YouTubeShorts,gaming,free games,PlayMix Games,playmixgames,football,soccer,3D sports,Football 3D",2026-07-23,07:00,private
Football_Reels_short.mp4,Play Football Reels Online Free! ⚽ #Shorts,"⚽ Play Football Reels FREE in your browser — no downloads needed!

🎮 Instant play on mobile & PC:
👉 https://playmixgames.in

✅ 80+ free mini games available — puzzle, sports, arcade, board & more!

#FootballReels #gaming #freegames #mobilegames #playmixgames #onlinegames","Shorts,YouTubeShorts,gaming,free games,PlayMix Games,playmixgames,football reels,soccer facts,sports,Football Reels",2026-07-23,21:00,private
Fruit_Splash_short.mp4,Play Fruit Splash Online Free! 🍉 #Shorts,"🍉 Play Fruit Splash FREE in your browser — no downloads needed!

🎮 Instant play on mobile & PC:
👉 https://playmixgames.in

✅ 80+ free mini games available — puzzle, sports, arcade, board & more!

#FruitSplash #gaming #freegames #mobilegames #playmixgames #onlinegames","Shorts,YouTubeShorts,gaming,free games,PlayMix Games,playmixgames,fruit splash,match 3,casual,Fruit Splash",2026-07-24,07:00,private
Galaxy_Shooter_short.mp4,Play Galaxy Shooter Online Free! 👾 #Shorts,"👾 Play Galaxy Shooter FREE in your browser — no downloads needed!

🎮 Instant play on mobile & PC:
👉 https://playmixgames.in

✅ 80+ free mini games available — puzzle, sports, arcade, board & more!

#GalaxyShooter #gaming #freegames #mobilegames #playmixgames #onlinegames","Shorts,YouTubeShorts,gaming,free games,PlayMix Games,playmixgames,galaxy shooter,space game,alien,Galaxy Shooter",2026-07-24,21:00,private
Head_Football_short.mp4,Play Head Football Online Free! ⚽ #Shorts,"⚽ Play Head Football FREE in your browser — no downloads needed!

🎮 Instant play on mobile & PC:
👉 https://playmixgames.in

✅ 80+ free mini games available — puzzle, sports, arcade, board & more!

#HeadFootball #gaming #freegames #mobilegames #playmixgames #onlinegames","Shorts,YouTubeShorts,gaming,free games,PlayMix Games,playmixgames,head football,soccer,sports,Head Football",2026-07-25,07:00,private
Health_Hero_short.mp4,Play Health Hero Online Free! 🏥 #Shorts,"🏥 Play Health Hero FREE in your browser — no downloads needed!

🎮 Instant play on mobile & PC:
👉 https://playmixgames.in

✅ 80+ free mini games available — puzzle, sports, arcade, board & more!

#HealthHero #gaming #freegames #mobilegames #playmixgames #onlinegames","Shorts,YouTubeShorts,gaming,free games,PlayMix Games,playmixgames,health quiz,trivia,wellness,Health Hero",2026-07-25,21:00,private
Helix_Bounce_short.mp4,Play Helix Bounce Online Free! 🧬 #Shorts,"🧬 Play Helix Bounce FREE in your browser — no downloads needed!

🎮 Instant play on mobile & PC:
👉 https://playmixgames.in

✅ 80+ free mini games available — puzzle, sports, arcade, board & more!

#HelixBounce #gaming #freegames #mobilegames #playmixgames #onlinegames","Shorts,YouTubeShorts,gaming,free games,PlayMix Games,playmixgames,helix bounce,arcade,ball,Helix Bounce",2026-07-26,07:00,private
Hidden_Objects_short.mp4,Play Hidden Objects Online Free! 🔎 #Shorts,"🔎 Play Hidden Objects FREE in your browser — no downloads needed!

🎮 Instant play on mobile & PC:
👉 https://playmixgames.in

✅ 80+ free mini games available — puzzle, sports, arcade, board & more!

#HiddenObjects #gaming #freegames #mobilegames #playmixgames #onlinegames","Shorts,YouTubeShorts,gaming,free games,PlayMix Games,playmixgames,hidden objects,find it,puzzle,Hidden Objects",2026-07-26,21:00,private
Hidden_Talent_short.mp4,Play Hidden Talent Online Free! ✨ #Shorts,"✨ Play Hidden Talent FREE in your browser — no downloads needed!

🎮 Instant play on mobile & PC:
👉 https://playmixgames.in

✅ 80+ free mini games available — puzzle, sports, arcade, board & more!

#HiddenTalent #gaming #freegames #mobilegames #playmixgames #onlinegames","Shorts,YouTubeShorts,gaming,free games,PlayMix Games,playmixgames,hidden talent,quiz,personality,Hidden Talent",2026-07-27,07:00,private
Hidden_Word_short.mp4,Play Hidden Word Online Free! 🔎 #Shorts,"🔎 Play Hidden Word FREE in your browser — no downloads needed!

🎮 Instant play on mobile & PC:
👉 https://playmixgames.in

✅ 80+ free mini games available — puzzle, sports, arcade, board & more!

#HiddenWord #gaming #freegames #mobilegames #playmixgames #onlinegames","Shorts,YouTubeShorts,gaming,free games,PlayMix Games,playmixgames,hidden word,word game,puzzle,Hidden Word",2026-07-27,21:00,private
Highway_Rush_short.mp4,Play Highway Rush Online Free! 🏎️ #Shorts,"🏎️ Play Highway Rush FREE in your browser — no downloads needed!

🎮 Instant play on mobile & PC:
👉 https://playmixgames.in

✅ 80+ free mini games available — puzzle, sports, arcade, board & more!

#HighwayRush #gaming #freegames #mobilegames #playmixgames #onlinegames","Shorts,YouTubeShorts,gaming,free games,PlayMix Games,playmixgames,highway rush,car game,racing,Highway Rush",2026-07-28,07:00,private
Idle_Ball_Escape_short.mp4,Play Idle Ball Escape Online Free! 🌀 #Shorts,"🌀 Play Idle Ball Escape FREE in your browser — no downloads needed!

🎮 Instant play on mobile & PC:
👉 https://playmixgames.in

✅ 80+ free mini games available — puzzle, sports, arcade, board & more!

#IdleBallEscape #gaming #freegames #mobilegames #playmixgames #onlinegames","Shorts,YouTubeShorts,gaming,free games,PlayMix Games,playmixgames,idle ball,escape,casual,Idle Ball Escape",2026-07-28,21:00,private
Jigsaw_Puzzle_short.mp4,Play Jigsaw Puzzle Online Free! 🧩 #Shorts,"🧩 Play Jigsaw Puzzle FREE in your browser — no downloads needed!

🎮 Instant play on mobile & PC:
👉 https://playmixgames.in

✅ 80+ free mini games available — puzzle, sports, arcade, board & more!

#JigsawPuzzle #gaming #freegames #mobilegames #playmixgames #onlinegames","Shorts,YouTubeShorts,gaming,free games,PlayMix Games,playmixgames,jigsaw puzzle,puzzle,brain,Jigsaw Puzzle",2026-07-29,07:00,private
Kids_Balloon_Pop_short.mp4,Play Kids Balloon Pop Online Free! 🎈 #Shorts,"🎈 Play Kids Balloon Pop FREE in your browser — no downloads needed!

🎮 Instant play on mobile & PC:
👉 https://playmixgames.in

✅ 80+ free mini games available — puzzle, sports, arcade, board & more!

#KidsBalloonPop #gaming #freegames #mobilegames #playmixgames #onlinegames","Shorts,YouTubeShorts,gaming,free games,PlayMix Games,playmixgames,balloon pop,kids,fun,Kids Balloon Pop",2026-07-29,21:00,private
Knife_Hit_short.mp4,Play Knife Hit Online Free! 🎯 #Shorts,"🎯 Play Knife Hit FREE in your browser — no downloads needed!

🎮 Instant play on mobile & PC:
👉 https://playmixgames.in

✅ 80+ free mini games available — puzzle, sports, arcade, board & more!

#KnifeHit #gaming #freegames #mobilegames #playmixgames #onlinegames","Shorts,YouTubeShorts,gaming,free games,PlayMix Games,playmixgames,knife hit,arcade,target,Knife Hit",2026-07-30,07:00,private
Knowledge_Reels_short.mp4,Play Knowledge Reels Online Free! 📱 #Shorts,"📱 Play Knowledge Reels FREE in your browser — no downloads needed!

🎮 Instant play on mobile & PC:
👉 https://playmixgames.in

✅ 80+ free mini games available — puzzle, sports, arcade, board & more!

#KnowledgeReels #gaming #freegames #mobilegames #playmixgames #onlinegames","Shorts,YouTubeShorts,gaming,free games,PlayMix Games,playmixgames,knowledge reels,facts,trivia,Knowledge Reels",2026-07-30,21:00,private
Leadership_Style_short.mp4,Play Leadership Style Online Free! 👑 #Shorts,"👑 Play Leadership Style FREE in your browser — no downloads needed!

🎮 Instant play on mobile & PC:
👉 https://playmixgames.in

✅ 80+ free mini games available — puzzle, sports, arcade, board & more!

#LeadershipStyle #gaming #freegames #mobilegames #playmixgames #onlinegames","Shorts,YouTubeShorts,gaming,free games,PlayMix Games,playmixgames,leadership quiz,personality,quiz,Leadership Style",2026-07-31,07:00,private
Life_Skills_short.mp4,Play Life Skills Online Free! 💡 #Shorts,"💡 Play Life Skills FREE in your browser — no downloads needed!

🎮 Instant play on mobile & PC:
👉 https://playmixgames.in

✅ 80+ free mini games available — puzzle, sports, arcade, board & more!

#LifeSkills #gaming #freegames #mobilegames #playmixgames #onlinegames","Shorts,YouTubeShorts,gaming,free games,PlayMix Games,playmixgames,life skills,growth,reels,Life Skills",2026-07-31,21:00,private
Ludo_Classic_short.mp4,Play Ludo Classic Online Free! 🎲 #Shorts,"🎲 Play Ludo Classic FREE in your browser — no downloads needed!

🎮 Instant play on mobile & PC:
👉 https://playmixgames.in

✅ 80+ free mini games available — puzzle, sports, arcade, board & more!

#LudoClassic #gaming #freegames #mobilegames #playmixgames #onlinegames","Shorts,YouTubeShorts,gaming,free games,PlayMix Games,playmixgames,ludo,board game,classic,Ludo Classic",2026-08-01,07:00,private
Marble_Sort_short.mp4,Play Marble Sort Online Free! 🔮 #Shorts,"🔮 Play Marble Sort FREE in your browser — no downloads needed!

🎮 Instant play on mobile & PC:
👉 https://playmixgames.in

✅ 80+ free mini games available — puzzle, sports, arcade, board & more!

#MarbleSort #gaming #freegames #mobilegames #playmixgames #onlinegames","Shorts,YouTubeShorts,gaming,free games,PlayMix Games,playmixgames,marble sort,puzzle,color sort,Marble Sort",2026-08-01,21:00,private
Math_Quiz_short.mp4,Play Math Quiz Online Free! 🔢 #Shorts,"🔢 Play Math Quiz FREE in your browser — no downloads needed!

🎮 Instant play on mobile & PC:
👉 https://playmixgames.in

✅ 80+ free mini games available — puzzle, sports, arcade, board & more!

#MathQuiz #gaming #freegames #mobilegames #playmixgames #onlinegames","Shorts,YouTubeShorts,gaming,free games,PlayMix Games,playmixgames,math quiz,learning,brain,Math Quiz",2026-08-02,07:00,private
Merge_Numbers_short.mp4,Play Merge Numbers Online Free! 🔢 #Shorts,"🔢 Play Merge Numbers FREE in your browser — no downloads needed!

🎮 Instant play on mobile & PC:
👉 https://playmixgames.in

✅ 80+ free mini games available — puzzle, sports, arcade, board & more!

#MergeNumbers #gaming #freegames #mobilegames #playmixgames #onlinegames","Shorts,YouTubeShorts,gaming,free games,PlayMix Games,playmixgames,merge numbers,2048,puzzle,Merge Numbers",2026-08-02,21:00,private
Minesweeper_short.mp4,Play Minesweeper Online Free! 💣 #Shorts,"💣 Play Minesweeper FREE in your browser — no downloads needed!

🎮 Instant play on mobile & PC:
👉 https://playmixgames.in

✅ 80+ free mini games available — puzzle, sports, arcade, board & more!

#Minesweeper #gaming #freegames #mobilegames #playmixgames #onlinegames","Shorts,YouTubeShorts,gaming,free games,PlayMix Games,playmixgames,minesweeper,classic,brain,Minesweeper",2026-08-03,07:00,private
Neon_Pac_Man_short.mp4,Play Neon Pac Man Online Free! 👾 #Shorts,"👾 Play Neon Pac Man FREE in your browser — no downloads needed!

🎮 Instant play on mobile & PC:
👉 https://playmixgames.in

✅ 80+ free mini games available — puzzle, sports, arcade, board & more!

#NeonPacMan #gaming #freegames #mobilegames #playmixgames #onlinegames","Shorts,YouTubeShorts,gaming,free games,PlayMix Games,playmixgames,pacman,neon,arcade,Neon Pac Man",2026-08-03,21:00,private
Neon_Snake_short.mp4,Play Neon Snake Online Free! 🐍 #Shorts,"🐍 Play Neon Snake FREE in your browser — no downloads needed!

🎮 Instant play on mobile & PC:
👉 https://playmixgames.in

✅ 80+ free mini games available — puzzle, sports, arcade, board & more!

#NeonSnake #gaming #freegames #mobilegames #playmixgames #onlinegames","Shorts,YouTubeShorts,gaming,free games,PlayMix Games,playmixgames,snake game,neon,classic,Neon Snake",2026-08-04,07:00,private
NumMatch_short.mp4,Play NumMatch Online Free! 🔢 #Shorts,"🔢 Play NumMatch FREE in your browser — no downloads needed!

🎮 Instant play on mobile & PC:
👉 https://playmixgames.in

✅ 80+ free mini games available — puzzle, sports, arcade, board & more!

#NumMatch #gaming #freegames #mobilegames #playmixgames #onlinegames","Shorts,YouTubeShorts,gaming,free games,PlayMix Games,playmixgames,num match,number game,logic,NumMatch",2026-08-04,21:00,private
Number_Master_short.mp4,Play Number Master Online Free! 🔢 #Shorts,"🔢 Play Number Master FREE in your browser — no downloads needed!

🎮 Instant play on mobile & PC:
👉 https://playmixgames.in

✅ 80+ free mini games available — puzzle, sports, arcade, board & more!

#NumberMaster #gaming #freegames #mobilegames #playmixgames #onlinegames","Shorts,YouTubeShorts,gaming,free games,PlayMix Games,playmixgames,number master,arcade,brain,Number Master",2026-08-05,07:00,private
Numpuz_short.mp4,Play Numpuz Online Free! 🧩 #Shorts,"🧩 Play Numpuz FREE in your browser — no downloads needed!

🎮 Instant play on mobile & PC:
👉 https://playmixgames.in

✅ 80+ free mini games available — puzzle, sports, arcade, board & more!

#Numpuz #gaming #freegames #mobilegames #playmixgames #onlinegames","Shorts,YouTubeShorts,gaming,free games,PlayMix Games,playmixgames,numpuz,sliding puzzle,logic,Numpuz",2026-08-05,21:00,private
Nutrition_Quiz_short.mp4,Play Nutrition Quiz Online Free! 🥗 #Shorts,"🥗 Play Nutrition Quiz FREE in your browser — no downloads needed!

🎮 Instant play on mobile & PC:
👉 https://playmixgames.in

✅ 80+ free mini games available — puzzle, sports, arcade, board & more!

#NutritionQuiz #gaming #freegames #mobilegames #playmixgames #onlinegames","Shorts,YouTubeShorts,gaming,free games,PlayMix Games,playmixgames,nutrition quiz,health,food,Nutrition Quiz",2026-08-06,07:00,private
Personality_Test_short.mp4,Play Personality Test Online Free! 🧠 #Shorts,"🧠 Play Personality Test FREE in your browser — no downloads needed!

🎮 Instant play on mobile & PC:
👉 https://playmixgames.in

✅ 80+ free mini games available — puzzle, sports, arcade, board & more!

#PersonalityTest #gaming #freegames #mobilegames #playmixgames #onlinegames","Shorts,YouTubeShorts,gaming,free games,PlayMix Games,playmixgames,personality test,quiz,fun,Personality Test",2026-08-06,21:00,private
Pocket_Golf_short.mp4,Play Pocket Golf Online Free! ⛳ #Shorts,"⛳ Play Pocket Golf FREE in your browser — no downloads needed!

🎮 Instant play on mobile & PC:
👉 https://playmixgames.in

✅ 80+ free mini games available — puzzle, sports, arcade, board & more!

#PocketGolf #gaming #freegames #mobilegames #playmixgames #onlinegames","Shorts,YouTubeShorts,gaming,free games,PlayMix Games,playmixgames,pocket golf,mini golf,sports,Pocket Golf",2026-08-07,07:00,private
Simply_Draw_short.mp4,Play Simply Draw Online Free! 🎨 #Shorts,"🎨 Play Simply Draw FREE in your browser — no downloads needed!

🎮 Instant play on mobile & PC:
👉 https://playmixgames.in

✅ 80+ free mini games available — puzzle, sports, arcade, board & more!

#SimplyDraw #gaming #freegames #mobilegames #playmixgames #onlinegames","Shorts,YouTubeShorts,gaming,free games,PlayMix Games,playmixgames,simply draw,art,kids,Simply Draw",2026-08-07,21:00,private
SkiFree_Classic_short.mp4,Play SkiFree Classic Online Free! ⛷️ #Shorts,"⛷️ Play SkiFree Classic FREE in your browser — no downloads needed!

🎮 Instant play on mobile & PC:
👉 https://playmixgames.in

✅ 80+ free mini games available — puzzle, sports, arcade, board & more!

#SkiFreeClassic #gaming #freegames #mobilegames #playmixgames #onlinegames","Shorts,YouTubeShorts,gaming,free games,PlayMix Games,playmixgames,skifree,retro,classic game,SkiFree Classic",2026-08-08,07:00,private
Snakes___Ladders_short.mp4,Play Snakes & Ladders Online Free! 🎮 #Shorts,"🎮 Play Snakes & Ladders FREE in your browser — no downloads needed!

🎮 Instant play on mobile & PC:
👉 https://playmixgames.in

✅ 80+ free mini games available — puzzle, sports, arcade, board & more!

#Snakes&Ladders #gaming #freegames #mobilegames #playmixgames #onlinegames","Shorts,YouTubeShorts,gaming,free games,PlayMix Games,playmixgames,gaming,free games,playmix,Snakes & Ladders",2026-08-08,21:00,private
Solitaire_short.mp4,Play Solitaire Online Free! ♠️ #Shorts,"♠️ Play Solitaire FREE in your browser — no downloads needed!

🎮 Instant play on mobile & PC:
👉 https://playmixgames.in

✅ 80+ free mini games available — puzzle, sports, arcade, board & more!

#Solitaire #gaming #freegames #mobilegames #playmixgames #onlinegames","Shorts,YouTubeShorts,gaming,free games,PlayMix Games,playmixgames,solitaire,card game,classic,Solitaire",2026-08-09,07:00,private
Stack_3D_short.mp4,Play Stack 3D Online Free! 🧱 #Shorts,"🧱 Play Stack 3D FREE in your browser — no downloads needed!

🎮 Instant play on mobile & PC:
👉 https://playmixgames.in

✅ 80+ free mini games available — puzzle, sports, arcade, board & more!

#Stack3D #gaming #freegames #mobilegames #playmixgames #onlinegames","Shorts,YouTubeShorts,gaming,free games,PlayMix Games,playmixgames,stack 3D,physics,stacking,Stack 3D",2026-08-09,21:00,private
Stickman_Warriors_short.mp4,Play Stickman Warriors Online Free! ⚔️ #Shorts,"⚔️ Play Stickman Warriors FREE in your browser — no downloads needed!

🎮 Instant play on mobile & PC:
👉 https://playmixgames.in

✅ 80+ free mini games available — puzzle, sports, arcade, board & more!

#StickmanWarriors #gaming #freegames #mobilegames #playmixgames #onlinegames","Shorts,YouTubeShorts,gaming,free games,PlayMix Games,playmixgames,stickman,fighting,action,Stickman Warriors",2026-08-10,07:00,private
Striker_League_short.mp4,Play Striker League Online Free! ⚽ #Shorts,"⚽ Play Striker League FREE in your browser — no downloads needed!

🎮 Instant play on mobile & PC:
👉 https://playmixgames.in

✅ 80+ free mini games available — puzzle, sports, arcade, board & more!

#StrikerLeague #gaming #freegames #mobilegames #playmixgames #onlinegames","Shorts,YouTubeShorts,gaming,free games,PlayMix Games,playmixgames,striker league,football,soccer,Striker League",2026-08-10,21:00,private
Sudoku_Daily_short.mp4,Play Sudoku Daily Online Free! 🧩 #Shorts,"🧩 Play Sudoku Daily FREE in your browser — no downloads needed!

🎮 Instant play on mobile & PC:
👉 https://playmixgames.in

✅ 80+ free mini games available — puzzle, sports, arcade, board & more!

#SudokuDaily #gaming #freegames #mobilegames #playmixgames #onlinegames","Shorts,YouTubeShorts,gaming,free games,PlayMix Games,playmixgames,sudoku,brain,logic,Sudoku Daily",2026-08-11,07:00,private
Sushi_Match_short.mp4,Play Sushi Match Online Free! 🍣 #Shorts,"🍣 Play Sushi Match FREE in your browser — no downloads needed!

🎮 Instant play on mobile & PC:
👉 https://playmixgames.in

✅ 80+ free mini games available — puzzle, sports, arcade, board & more!

#SushiMatch #gaming #freegames #mobilegames #playmixgames #onlinegames","Shorts,YouTubeShorts,gaming,free games,PlayMix Games,playmixgames,sushi match,memory,matching,Sushi Match",2026-08-11,21:00,private
Table_Tennis_short.mp4,Play Table Tennis Online Free! 🏓 #Shorts,"🏓 Play Table Tennis FREE in your browser — no downloads needed!

🎮 Instant play on mobile & PC:
👉 https://playmixgames.in

✅ 80+ free mini games available — puzzle, sports, arcade, board & more!

#TableTennis #gaming #freegames #mobilegames #playmixgames #onlinegames","Shorts,YouTubeShorts,gaming,free games,PlayMix Games,playmixgames,table tennis,ping pong,sports,Table Tennis",2026-08-12,07:00,private
Tennis_Master_3D_short.mp4,Play Tennis Master 3D Online Free! 🎾 #Shorts,"🎾 Play Tennis Master 3D FREE in your browser — no downloads needed!

🎮 Instant play on mobile & PC:
👉 https://playmixgames.in

✅ 80+ free mini games available — puzzle, sports, arcade, board & more!

#TennisMaster3D #gaming #freegames #mobilegames #playmixgames #onlinegames","Shorts,YouTubeShorts,gaming,free games,PlayMix Games,playmixgames,tennis,3D sports,master,Tennis Master 3D",2026-08-12,21:00,private
Tic_Tac_Toe_short.mp4,Play Tic Tac Toe Online Free! ❌ #Shorts,"❌ Play Tic Tac Toe FREE in your browser — no downloads needed!

🎮 Instant play on mobile & PC:
👉 https://playmixgames.in

✅ 80+ free mini games available — puzzle, sports, arcade, board & more!

#TicTacToe #gaming #freegames #mobilegames #playmixgames #onlinegames","Shorts,YouTubeShorts,gaming,free games,PlayMix Games,playmixgames,tic tac toe,xs and os,classic,Tic Tac Toe",2026-08-13,07:00,private
Travel_Destiny_short.mp4,Play Travel Destiny Online Free! ✈️ #Shorts,"✈️ Play Travel Destiny FREE in your browser — no downloads needed!

🎮 Instant play on mobile & PC:
👉 https://playmixgames.in

✅ 80+ free mini games available — puzzle, sports, arcade, board & more!

#TravelDestiny #gaming #freegames #mobilegames #playmixgames #onlinegames","Shorts,YouTubeShorts,gaming,free games,PlayMix Games,playmixgames,travel quiz,destinations,quiz,Travel Destiny",2026-08-13,21:00,private
Typing_Speed_short.mp4,Play Typing Speed Online Free! ⌨️ #Shorts,"⌨️ Play Typing Speed FREE in your browser — no downloads needed!

🎮 Instant play on mobile & PC:
👉 https://playmixgames.in

✅ 80+ free mini games available — puzzle, sports, arcade, board & more!

#TypingSpeed #gaming #freegames #mobilegames #playmixgames #onlinegames","Shorts,YouTubeShorts,gaming,free games,PlayMix Games,playmixgames,typing speed,keyboard,skill,Typing Speed",2026-08-14,07:00,private
Volleyball_3D_short.mp4,Play Volleyball 3D Online Free! 🏐 #Shorts,"🏐 Play Volleyball 3D FREE in your browser — no downloads needed!

🎮 Instant play on mobile & PC:
👉 https://playmixgames.in

✅ 80+ free mini games available — puzzle, sports, arcade, board & more!

#Volleyball3D #gaming #freegames #mobilegames #playmixgames #onlinegames","Shorts,YouTubeShorts,gaming,free games,PlayMix Games,playmixgames,volleyball,3D sports,beach,Volleyball 3D",2026-08-14,21:00,private
Water_Sort_short.mp4,Play Water Sort Online Free! 🧪 #Shorts,"🧪 Play Water Sort FREE in your browser — no downloads needed!

🎮 Instant play on mobile & PC:
👉 https://playmixgames.in

✅ 80+ free mini games available — puzzle, sports, arcade, board & more!

#WaterSort #gaming #freegames #mobilegames #playmixgames #onlinegames","Shorts,YouTubeShorts,gaming,free games,PlayMix Games,playmixgames,water sort,color puzzle,sort,Water Sort",2026-08-15,07:00,private
Wellness_Reels_short.mp4,Play Wellness Reels Online Free! 🧘 #Shorts,"🧘 Play Wellness Reels FREE in your browser — no downloads needed!

🎮 Instant play on mobile & PC:
👉 https://playmixgames.in

✅ 80+ free mini games available — puzzle, sports, arcade, board & more!

#WellnessReels #gaming #freegames #mobilegames #playmixgames #onlinegames","Shorts,YouTubeShorts,gaming,free games,PlayMix Games,playmixgames,wellness,mental health,reels,Wellness Reels",2026-08-15,21:00,private
Word_Crossword_short.mp4,Play Word Crossword Online Free! 🔤 #Shorts,"🔤 Play Word Crossword FREE in your browser — no downloads needed!

🎮 Instant play on mobile & PC:
👉 https://playmixgames.in

✅ 80+ free mini games available — puzzle, sports, arcade, board & more!

#WordCrossword #gaming #freegames #mobilegames #playmixgames #onlinegames","Shorts,YouTubeShorts,gaming,free games,PlayMix Games,playmixgames,word crossword,word game,puzzle,Word Crossword",2026-08-16,07:00,private
Word_Search_short.mp4,Play Word Search Online Free! 🔍 #Shorts,"🔍 Play Word Search FREE in your browser — no downloads needed!

🎮 Instant play on mobile & PC:
👉 https://playmixgames.in

✅ 80+ free mini games available — puzzle, sports, arcade, board & more!

#WordSearch #gaming #freegames #mobilegames #playmixgames #onlinegames","Shorts,YouTubeShorts,gaming,free games,PlayMix Games,playmixgames,word search,puzzle,brain,Word Search",2026-08-16,21:00,private
Zen_Bounce_short.mp4,Play Zen Bounce Online Free! ⚪ #Shorts,"⚪ Play Zen Bounce FREE in your browser — no downloads needed!

🎮 Instant play on mobile & PC:
👉 https://playmixgames.in

✅ 80+ free mini games available — puzzle, sports, arcade, board & more!

#ZenBounce #gaming #freegames #mobilegames #playmixgames #onlinegames","Shorts,YouTubeShorts,gaming,free games,PlayMix Games,playmixgames,zen bounce,ball,relaxing,Zen Bounce",2026-08-17,07:00,private
